Product_ID, Product_Name,Category_name, Category_URL,Sub_Category_name, Sub_Category_URL,Date_Product_Was_Launched,Currency, Product_Price,Weight(kg), Product_Description_1,Product_Description_2,Product_Description_3,Products_Url, Warehouse, Options,product_image_1, product_image_2, product_image_3,product_image_4, product_image_5, product_image_6,product_image_7, product_image_8, product_image_9,product_image_10
"949231","Outdoor Sunglasses Dark Green Metal Frame Polarized Sunglasses","Sports & Outdoor","https://www.banggood.com/Wholesale-Sports-and-Outdoor-c-896.html","Sunglasses & Sports Glasses>Polarized Sunglasses","https://www.banggood.com/Wholesale-Polarized-Sunglasses-c-2896.html","2014-10-07 05:01:43","USD","5.69","0.05","<strong>Description:</strong><br />A good travel assistant, when you are faced with strong sunlight,it will help you avoid injury in the retina and cornea,and make your vision clearer and travel more easy.<br />Suitable for fishing, protect your eyes from thelight wave reflection and scattering UV damage.<br />The glasses is exquisite, beautiful, strong and durable, <e style='color:red;'></e>can be placed on the car or put into the bag.<br />It is easy to carry,suitable for summer driving, travel, outdoors, sports,it is a good gift to share with your friends and families<br />To broaden our horizons, and help motorists get rid of fatigue.Tourism and leisure.<br /><br /><br /><strong>Package Includes:</strong><br />1 x Sunglasses<br /><br /><img alt='' src='http://imgmgr.banggood.com/images/upload/2015/06/SKU166608 _31.jpg' style='width: 600px; height: 600px;' /><br /><img alt='' src='http://imgmgr.banggood.com/images/upload/2015/06/SKU166608 _32.jpg' style='width: 600px; height: 600px;' /><br /><img alt='' src='http://imgmgr.banggood.com/images/upload/2015/06/SKU166608 _30.jpg' /><br /><img alt='' src='http://imgmgr.banggood.com/images/upload/2015/06/SKU166608 _33.jpg' /><br /><img alt='' src='http://imgmgr.banggood.com/images/upload/2015/06/SKU166608 _34.jpg' style='width: 600px; height: 600px;' /><br /><img alt='' src='http://imgmgr.banggood.com/images/upload/2015/06/SKU166608 _35.jpg' style='width: 600px; height: 600px;' /><br /><img alt='' src='http://imgmgr.banggood.com/images/upload/2015/06/SKU166608 _36.jpg' style='width: 600px; height: 600px;' /><br /><img alt='' src='http://imgmgr.banggood.com/images/upload/2015/06/SKU166608 _37.jpg' style='width: 600px; height: 600px;' /><br />",,,"https://us.banggood.com/Polarized-sunglasses-p-949231.html","USA",,"https://img.staticbg.com/images/2014/liaohuijun/06/SKU166608/SKU166608_31.jpg","https://img.staticbg.com/images/2014/liaohuijun/06/SKU166608/SKU166608_32.jpg","https://img.staticbg.com/images/2014/liaohuijun/06/SKU166608/SKU166608_30.jpg","https://img.staticbg.com/images/2014/liaohuijun/06/SKU166608/SKU166608_37.jpg"
"929344","Polarized Night Vision Glasses Sun Glassess Driving Riding Goggles","Sports & Outdoor","https://www.banggood.com/Wholesale-Sports-and-Outdoor-c-896.html","Sunglasses & Sports Glasses>Polarized Sunglasses","https://www.banggood.com/Wholesale-Polarized-Sunglasses-c-2896.html","2014-05-30 05:39:21","USD","6.39","0.023","<span style='font-size:14px;'>Polarized&nbsp;Yellow Lens Night Vision Glasses Sunglasses Driving&nbsp;Riding Goggles<br /><br /><strong><span style='font-size:16px;'>Feature:</span></strong><br />Improve the driving at night, solve the problem of dazzle light!High beam can decrease the effectiveness of the dipped headlight, the strength of the dipped headlight can be reduced to small bulbs. Will not dazzle and could not see the road.The difference between this kind of night vision glasses and other ordinary glasses:ensures maximum visibility while prevent the dazzle/glaring light, make the vision more clearly.<br /><br />Eliminate 99% reflected light and scattered light, make your vision more clear&nbsp; and soft<br />HLC,maximum isolation harmful uv rays, protect your eyes and vision<br />Lens strengthen treatment,effective of wear resistance, not broken, impact resistant<br /><br /><strong><span style='font-size:16px;'>Specification:</span></strong><br />Lens Material: PC Explosion-proof Material<br />Frame Material: Plastic<br />Color:Yellow<br /><br /><strong><span style='font-size:16px;'>Size details:</span></strong></span><br /><img alt='' src='http://imgmgr.banggood.com/images/upload/2014/07/SKU126277 (6).jpg' /><br /><br /><span style='font-size:14px;'><strong><span style='font-size:16px;'>Package includes:</span></strong><br />1 x&nbsp;Polarized&nbsp;Yellow Lens Night Vision Sunglasses </span><br /><img alt='' src='http://img.staticbg.com/images/oaupload/banggood/images/88/C5/bca188f0-e0b5-4231-a740-6400dbbb0945.jpg' /><br /><img alt='' src='http://imgmgr.banggood.com/images/upload/2014/07/SKU126277 (2).jpg' /><br /><br /><img alt='' src='http://imgmgr.banggood.com/images/upload/2014/07/SKU126277 (7).jpg' /><img alt='' src='http://imgmgr.banggood.com/images/upload/2014/07/SKU126277 (3).jpg' /><br /><img alt='' src='http://imgmgr.banggood.com/images/upload/2014/07/SKU126277 (13).jpg' /><img alt='' src='http://imgmgr.banggood.com/images/upload/2014/07/SKU126277 (8).jpg' /><img alt='' src='http://imgmgr.banggood.com/images/upload/2014/07/SKU126277 (10).jpg' /><img alt='' src='http://imgmgr.banggood.com/images/upload/2014/07/SKU126277 (5).jpg' /><img alt='' src='http://imgmgr.banggood.com/images/upload/2014/07/SKU126277 (14).jpg' /><br />",,,"https://us.banggood.com/Polarized-Night-Vision-Glasses-Sunglasses-Driving-Riding-Goggles-p-929344.html","USA",,"https://img.staticbg.com/images/upload/2014/07/SKU126277 (1).jpg","https://img.staticbg.com/images/upload/2014/07/SKU126277 (2).jpg","https://img.staticbg.com/images/upload/2014/07/SKU126277 (3).jpg","https://img.staticbg.com/images/upload/2014/07/SKU126277 (4).jpg","https://img.staticbg.com/images/upload/2014/07/SKU126277 (7).jpg","https://img.staticbg.com/images/upload/2014/07/SKU126277 (9).jpg","https://img.staticbg.com/images/upload/2014/07/SKU126277 (11).jpg","https://img.staticbg.com/images/upload/2014/07/SKU126277 (12).jpg","https://img.staticbg.com/images/upload/2014/07/SKU126277 (13).jpg"
"949228","Outdoor Sunglasses Dark Green Metal Frame Polarized Sunglasses","Sports & Outdoor","https://www.banggood.com/Wholesale-Sports-and-Outdoor-c-896.html","Sunglasses & Sports Glasses>Polarized Sunglasses","https://www.banggood.com/Wholesale-Polarized-Sunglasses-c-2896.html","2014-10-07 05:01:43","USD","9.79","0.06","<strong>Description:</strong><br />The glasses is exquisite, beautiful, strong and durable, can be placed on the car or put into the bag.<br />It is easy to carry,suitable for summer driving, travel, outdoors, sports,it is a good gift to share with your friends and families<br />To broaden our horizons, and help motorists get rid of fatigue.Tourism and leisure.<br />A good travel assistant, when you are faced with strong sunlight,it will help you avoid injury in the retina and cornea,and make your vision clearer and travel more easy.<br />Suitable for fishing, protect your eyes from thelight wave reflection and scattering UV damage.<br /><br /><br /><strong>Package Includes:</strong><br />1 x Sunglasses<br /><img alt='' src='http://imgmgr.banggood.com/images/upload/2014/10/SKU167096 (1).jpg' /><img alt='' src='http://imgmgr.banggood.com/images/upload/2014/10/SKU167096 (3).jpg' /><img alt='' src='http://imgmgr.banggood.com/images/upload/2014/10/SKU167096 (4).jpg' /><img alt='' src='http://imgmgr.banggood.com/images/upload/2014/10/SKU167096 (5).jpg' /><img alt='' src='http://imgmgr.banggood.com/images/upload/2014/10/SKU167096 (6).jpg' /><img alt='' src='http://imgmgr.banggood.com/images/upload/2014/10/SKU167096 (7).jpg' /><img alt='' src='http://imgmgr.banggood.com/images/upload/2014/10/SKU167096 (8).JPG' /><img alt='' src='http://imgmgr.banggood.com/images/upload/2014/10/SKU167096 (2).jpg' /><br />",,,"https://us.banggood.com/Polarized-Sunglasses-p-949228.html","USA",,"https://img.staticbg.com/images/upload/2014/10/SKU167096 (1).jpg","https://img.staticbg.com/images/upload/2014/10/SKU167096 (4).jpg","https://img.staticbg.com/images/upload/2014/10/SKU167096 (3).jpg"
"918707","UV400 Mens Cycling Driving Polarized Night Vision Glasses Sun Glassess","Sports & Outdoor","https://www.banggood.com/Wholesale-Sports-and-Outdoor-c-896.html","Sunglasses & Sports Glasses>Polarized Sunglasses","https://www.banggood.com/Wholesale-Polarized-Sunglasses-c-2896.html","2014-03-07 03:57:06","USD","6.19","0.03","<strong>UV 400 Mens Cycling Driving Riding Polarized Glasses Sunglasses Night Vision</strong><br /><br /><strong>Specifications:&nbsp;</strong><br />Frame Material: Metal, Plastic<br />Lens Material: TAC Polarized lenses<br />Frame Color: Black<br />Lens Color: Yellow (Night vision)<br />Gender: Men<br /><br /><strong>Features:</strong><br />100% UV lens technology, absorbing harmful UVA and UVB rays.<br />Polarized, Anti-glare,&nbsp; Light weight, durable to use and portable.<br />An excellent choice for outdoor activities and sports, like&nbsp;cycliing, driving, hunting, walking, and golf, provides great protection for eyes.<br /><br /><strong>Package includes:</strong><br />1 x polarized glasses<br /><br /><img alt='' src='http://img.staticbg.com/images/upload/2012/chenjianwei/sku120685 (3).jpg' /><img alt='' src='http://img.staticbg.com/images/upload/2012/chenjianwei/sku120685 (2).jpg' /><img alt='' src='http://img.staticbg.com/images/upload/2012/chenjianwei/sku120685 (5).jpg' /><img alt='' src='http://img.staticbg.com/images/upload/2012/chenjianwei/sku120685 (6).jpg' /><img alt='' src='http://img.staticbg.com/images/upload/2012/chenjianwei/sku120685 (13).jpg' /><img alt='' src='http://img.staticbg.com/images/upload/2012/chenjianwei/sku120685 (12).jpg' /><img alt='' src='http://img.staticbg.com/images/upload/2012/chenjianwei/sku120685 (17).jpg' />",,,"https://us.banggood.com/UV-400-Mens-Cycling-Driving-Riding-Running-Glasses-Night-Vision-p-918707.html","USA",,"https://img.staticbg.com/images/upload/2012/chenjianwei/sku120685 (9).jpg","https://img.staticbg.com/images/upload/2012/chenjianwei/sku120685 (8).jpg","https://img.staticbg.com/images/upload/2012/chenjianwei/sku120685 (10).jpg","https://img.staticbg.com/images/upload/2012/chenjianwei/sku120685 (11).jpg","https://img.staticbg.com/images/upload/2012/chenjianwei/sku120685 (12).jpg","https://img.staticbg.com/images/upload/2012/chenjianwei/sku120685 (13).jpg","https://img.staticbg.com/images/upload/2012/chenjianwei/sku120685 (14).jpg","https://img.staticbg.com/images/upload/2012/chenjianwei/sku120685 (15).jpg","https://img.staticbg.com/images/upload/2012/chenjianwei/sku120685 (16).jpg"
"919549","UV400 Mens Polarized Glasses Bike Bickele Cycling Sunglasses","Sports & Outdoor","https://www.banggood.com/Wholesale-Sports-and-Outdoor-c-896.html","Sunglasses & Sports Glasses>Polarized Sunglasses","https://www.banggood.com/Wholesale-Polarized-Sunglasses-c-2896.html","2014-03-14 05:12:25","USD","3.99","0.029","<strong>UV400 Mens Polarized Glasses Bike Bickele Cycling Sunglasses&nbsp;<br /><br />Description:</strong><br />An excellent glasses for you when cycling and hiking, &nbsp;especially a good choice for driving.<br />Fashion, lightweiht design.<br />UV400 polarized lens.<br /><br /><strong>Specification:</strong><br />Material:&nbsp;Copper Alloy(Frame),&nbsp;Resin Polarized(Lens)<br /><span style=''>UV:&nbsp;UV 400&nbsp;<br />Weight: 60g<br />Lens color: Green, Gray<br /><br /><strong>Package includes:</strong><br />1 x&nbsp;</span>UV400 Mens Polarized Cycling Sunglasses&nbsp;<br /><br /><span style=''><img alt='' src='http://img.staticbg.com/images/upload/2012/chenjianwei/SKU124963 (4).jpg' /></span><br /><br /><img alt='' src='http://imgmgr.banggood.com/images/upload/2014/09/sku12496(2).jpg' /><br /><br /><img alt='' src='http://imgmgr.banggood.com/images/upload/2014/09/sku12496(4).jpg' /><img alt='' src='http://imgmgr.banggood.com/images/upload/2014/09/sku12496(7).jpg' /><img alt='' src='http://imgmgr.banggood.com/images/upload/2014/09/sku12496(8).jpg' /><img alt='' src='http://imgmgr.banggood.com/images/upload/2014/09/sku12496(6).jpg' />",,,"https://us.banggood.com/UV400-Mens-Polarized-Glasses-Bike-Bickele-Cycling-Sunglasses-p-919549.html","USA","Color Green (US$0.50)/Color Gray/","https://img.staticbg.com/images/upload/2012/chenjianwei/SKU124963 (30).jpg","https://img.staticbg.com/images/2014/liaohuijun/09/SKU124963/sku124963(5).jpg","https://img.staticbg.com/images/2014/liaohuijun/09/SKU124963/sku124963(7).jpg","https://img.staticbg.com/images/2014/liaohuijun/09/SKU124963/sku124963(1).jpg","https://img.staticbg.com/images/2014/liaohuijun/09/SKU124963/sku124963(9).jpg","https://img.staticbg.com/images/2014/liaohuijun/09/SKU124963/sku124963(3).jpg","https://img.staticbg.com/images/2014/liaohuijun/09/SKU124963/sku124963(10).jpg","https://img.staticbg.com/images/2014/liaohuijun/09/SKU124963/sku124963(6).jpg","https://img.staticbg.com/images/2014/liaohuijun/09/SKU124963/sku124963(11).jpg","https://img.staticbg.com/images/2014/liaohuijun/09/SKU124963/sku124963(12).jpg"
"916016","Polarized UV Sun Glassess Night Vision Driving Glasses Eyewear UV400","Sports & Outdoor","https://www.banggood.com/Wholesale-Sports-and-Outdoor-c-896.html","Sunglasses & Sports Glasses>Polarized Sunglasses","https://www.banggood.com/Wholesale-Polarized-Sunglasses-c-2896.html","2014-01-26 23:51:19","USD","5.99","0.028","<strong>Description:</strong><br />100% UV400 lens technology, absorbing harmful UVA and UVB&nbsp;rays.<br />Using TAC plus hard wear-resistant technique.<br />Light weight, durable to use and portable easy to carry, good&nbsp;choice for outdoor activities and sports.<br /><span style=''>Polarized, Anti-glare, great for fishing, driving, golf and many</span><span style=''>&nbsp;other outdoor activities or sports, give good protection to the</span><span style=''>&nbsp;eyes.</span><br /><br /><strong>Features:</strong><br />UV: 400<br />Size: 147mm(Width), 137mm(Lens Length), 48mm(Height)<br /><br /><strong>Package includes:</strong><br />1 x Polarized Sunglasses<br /><br /><img alt='' src='http://img.staticbg.com/images/upload/2012/chenjianwei/SKU113699 (6).jpg' /><br /><img alt='' src='http://img.staticbg.com/images/upload/2012/chenjianwei/SKU113699 (5).jpg' /><br /><br /><br /><br /><br /><br /><img alt='' src='http://img.staticbg.com/images/upload/2012/chenjianwei/SKU113699 (1).jpg' /><br /><br /><br /><img alt='' src='http://img.staticbg.com/images/upload/2012/chenjianwei/SKU113699 (9).jpg' /><br /><img alt='' src='http://img.staticbg.com/images/upload/2012/chenjianwei/SKU113699 (11).jpg' /><br /><br /><img alt='' src='http://img.staticbg.com/images/upload/2012/chenjianwei/SKU113699 (10).jpg' /><br /><br /><img alt='' src='http://img.staticbg.com/images/upload/2012/chenjianwei/SKU113699 (8).jpg' /><br /><br /><br />",,,"https://us.banggood.com/Polarized-UV-Sunglasses-Night-Vision-Driving-Glasses-Eyewear-UV400-p-916016.html","USA",,"https://img.staticbg.com/images/upload/2012/chenjianwei/SKU113699 (7).jpg","https://img.staticbg.com/images/upload/2012/chenjianwei/SKU113699 (4).jpg","https://img.staticbg.com/images/upload/2012/chenjianwei/SKU113699 (2).jpg","https://img.staticbg.com/images/upload/2012/chenjianwei/SKU113699 (9).jpg","https://img.staticbg.com/images/upload/2012/chenjianwei/SKU113699 (10).jpg","https://img.staticbg.com/images/upload/2012/chenjianwei/SKU113699 (8).jpg","https://img.staticbg.com/images/upload/2012/chenjianwei/SKU113699 (11).jpg","https://img.staticbg.com/images/upload/2012/chenjianwei/SKU113699 (3).jpg"
"950570","Outdoor Cycling Anti Color Brilliance Film Polarized  Sunglasses","Sports & Outdoor","https://www.banggood.com/Wholesale-Sports-and-Outdoor-c-896.html","Sunglasses & Sports Glasses>Polarized Sunglasses","https://www.banggood.com/Wholesale-Polarized-Sunglasses-c-2896.html","2014-10-15 05:02:50","USD","7.09","0.02","<div><strong>Description:</strong><br />Lens Color:&nbsp;Red, Water Silver, &nbsp;Ice Blue,Yellow<br />Protect your eyesfrom thelight wave reflection and scattering UV damage<br />The glasses is exquisite, beautiful, strong and&nbsp;durable,can be placed on the car or put into the bag.</div><div>It is easy to carry,suitable for summer driving,&nbsp;travel, outdoors, sports,it is a good gift to share with your friends and families</div><div>To broaden our horizons, and help&nbsp;motorists get rid of fatigue.Tourism and leisure.</div><div>A good travel assistant, when you are&nbsp;faced with strong sunlight,it will help you avoid injury&nbsp;in the retina and cornea,and make your visionclearer and travel more easy.</div><div>&nbsp;</div><div>&nbsp;</div><div><strong>Package Includes:</strong><br />1 x Sunglasses</div><div><img alt='' src=' http://imgmgr.banggood.com/images/upload/2014/10/SKU159711 (1).jpg' /></div>&nbsp;",,,"https://us.banggood.com/Outdoor-Cycling-Anti-Color-Brilliance-Film-Polarized-Sunglasses-p-950570.html","USA","Lens Color Yellow/Lens Color Ice Blue/Lens Color Water Silver/Lens Color Red/","https://img.staticbg.com/images/upload/2014/10/SKU159711 (13).jpg","https://img.staticbg.com/images/upload/2014/10/SKU159711 (11).jpg","https://img.staticbg.com/images/upload/2014/10/SKU159711 (3).jpg"
"944198","UV400 Polarized Sunglasses Outdoor Glasses Goggles Eyewear Driving","Sports & Outdoor","https://www.banggood.com/Wholesale-Sports-and-Outdoor-c-896.html","Sunglasses & Sports Glasses>Polarized Sunglasses","https://www.banggood.com/Wholesale-Polarized-Sunglasses-c-2896.html","2014-09-01 03:16:40","USD","6.29","0.038","<strong>Specification:</strong><br />Lens Material: Resin<br />Frame Material: Stainless steel<br />Color: Black<br />Gender: Male<br />Size: As the following picture shows.<br /><strong>Please allow &nbsp;0.5-1cm error due to manual measure, thanks for your understanding!</strong><br /><br /><strong>Features:</strong><br />Angle and radian of lenses polarization design according to the principle of precision optical,allowing the polarization direction of light passing through only,the strong light sources (such as the sun,the surface of the water,glass,asphalt) filtered because of the polarization direction after reflection, thus eliminating external light interference,avoid presbyopia,dazzling and so on phenomenon,to soften and clear the view.<br /><br /><strong>Package Includes:</strong><br />1 x sunglasses<br /><img alt='' src='http://imgmgr.banggood.com/images/upload/2015/01/SKU155247 (4).jpg' /><br /><img alt='' src='http://img.staticbg.com/images/oaupload/banggood/images/FF/17/8fb2661c-a1b6-4233-a178-717fb4e3e8b9.jpg' /><img alt='' src='http://imgmgr.banggood.com/images/upload/2015/01/SKU155247 (8).jpg' /><br /><img alt='' src='http://imgmgr.banggood.com/images/upload/2015/01/SKU155247 (9).jpg' /><br /><img alt='' src='http://imgmgr.banggood.com/images/upload/2015/01/SKU155247 (5).jpg' /><br /><br />",,,"https://us.banggood.com/UV400-Polarized-Sunglasses-Outdoor-Glasses-Goggles-Eyewear-Driving-p-944198.html","USA",,"https://img.staticbg.com/images/2014/chenjincheng/08/SKU155247/9f0d2e7c-ff11-4399-884a-e746c2820274.jpg","https://img.staticbg.com/images/upload/2015/01/SKU155247 (2).jpg","https://img.staticbg.com/images/2014/chenjincheng/08/SKU155247/20140712133440241.JPG","https://img.staticbg.com/images/upload/2015/01/SKU155247 (1).jpg","https://img.staticbg.com/images/upload/2015/01/SKU155247 (3).jpg","https://img.staticbg.com/images/2014/chenjincheng/08/SKU155247/793b966e-c972-456b-a238-f64dfdc17753.jpg","https://img.staticbg.com/images/2014/chenjincheng/08/SKU155247/1b8bfbea-0ba2-49c8-823f-622f1445841f.jpg","https://img.staticbg.com/images/2014/chenjincheng/08/SKU155247/5b359df6-a194-48e0-95ee-e19a735aceb8.jpg","https://img.staticbg.com/images/2014/chenjincheng/08/SKU155247/4d23c0eb-859b-4423-abf3-344a07291b94.jpg"
"944197","Men Polarized Sunglasses UV400 Outdoor Sports Traveling Fishing Hiking","Sports & Outdoor","https://www.banggood.com/Wholesale-Sports-and-Outdoor-c-896.html","Sunglasses & Sports Glasses>Polarized Sunglasses","https://www.banggood.com/Wholesale-Polarized-Sunglasses-c-2896.html","2014-09-01 03:16:39","USD","8.99","0.029","<strong>Specifications:</strong><br />Color: Black<br />Gender: Male<br />Lens Material: Resin<br />Frame Material: Stainless steel<br /><br /><strong>Features:</strong><br />Angle and radian of lenses polarization design according to the principle of precision optical,allowing the polarization direction of light passing through only,the strong light sources (such as the sun,the surface of the water,glass,asphalt) filtered because of the polarization direction after reflection, thus eliminating external light interference,avoid presbyopia,dazzling and so on phenomenon,to soften and clear the view.<br /><br /><strong>Package Includes</strong><br />1 x sunglasses<br /><img alt='' src='http://imgmgr.banggood.com/images/upload/2014/09/SKU155246-1.jpg' style='width: 600px; height: 600px;' /><img alt='' src='http://imgmgr.banggood.com/images/upload/2014/09/SKU155246-2.jpg' style='width: 600px; height: 600px;' /><img alt='' src='http://imgmgr.banggood.com/images/upload/2014/09/SKU155246-3.jpg' /><img alt='' src='http://imgmgr.banggood.com/images/upload/2014/10/SKU155246.JPG' /><img alt='' src='http://imgmgr.banggood.com/images/upload/2014/09/SKU155246-4.jpg' /><img alt='' src='http://imgmgr.banggood.com/images/upload/2014/09/SKU155246-5.jpg' /><img alt='' src='http://imgmgr.banggood.com/images/upload/2014/09/SKU155246-6.jpg' /><img alt='' src='http://imgmgr.banggood.com/images/upload/2014/09/SKU155246-7.jpg' /><img alt='' src='http://imgmgr.banggood.com/images/upload/2014/09/SKU155246-8.jpg' /><br />",,,"https://us.banggood.com/Men-Polarized-Sunglasses-UV400-Outdoor-Sports-Traveling-Fishing-Hiking-p-944197.html","USA",,"https://img.staticbg.com/images/2014/chenjincheng/08/SKU155246/8261982f-5c21-4e5d-9e85-921f55f62777.jpg","https://img.staticbg.com/images/2014/chenjincheng/08/SKU155246/fcbd2fcd-2a45-4758-b502-582706c814f9.jpg","https://img.staticbg.com/images/2014/chenjincheng/08/SKU155246/3e88ffe5-c84d-4983-85db-2225c4a9e3ac.jpg","https://img.staticbg.com/images/2014/chenjincheng/08/SKU155246/03457539-0f48-4b49-922a-89b70e26abbc.jpg","https://img.staticbg.com/images/2014/chenjincheng/08/SKU155246/f16235a0-9f2f-4524-a42b-023566ec0fcd.jpg","https://img.staticbg.com/images/2014/chenjincheng/08/SKU155246/0c107e90-5c85-4fb2-b53f-dd7f052ca5dc.jpg","https://img.staticbg.com/images/2014/chenjincheng/08/SKU155246/84ab6dfc-7da5-4995-ba42-83bc4084ed44.jpg","https://img.staticbg.com/images/2014/chenjincheng/08/SKU155246/191bf2dc-e6a5-4672-85c9-afdb7d6568f7.jpg"
